{
	"version": 1,
	"changelists": [
		{
			"guid": "00000000000000000000000000000000",
			"description": "Default Uncontrolled Changelist",
			"files": [
				"C:/Users/Nicole/Documents/Mechanics-15-01-2024-14-01/Mechanics/Content/StudentWork/Enemies/BP_Patrol_Guard.uasset",
				"C:/Users/Nicole/Documents/Mechanics-15-01-2024-14-01/Mechanics/Content/StudentWork/Enemies/BP_Target1.uasset",
				"C:/Users/Nicole/Documents/Mechanics-15-01-2024-14-01/Mechanics/Content/StudentWork/Enemies/BP_Patrol_Guard1.uasset",
				"C:/Users/Nicole/Documents/Mechanics-15-01-2024-14-01/Mechanics/Content/StartMap.umap",
				"C:/Users/Nicole/Documents/Mechanics-15-01-2024-14-01/Mechanics/Content/StudentWork/Enemies/BP_Patrol.uasset",
				"C:/Users/Nicole/Documents/Mechanics-15-01-2024-14-01/Mechanics/Content/StudentWork/Crystals/BP_Crystal_Parent.uasset",
				"C:/Users/Nicole/Documents/Mechanics-15-01-2024-14-01/Mechanics/Content/StudentWork/Enemies/BP_Siren.uasset",
				"C:/Users/Nicole/Documents/Mechanics-15-01-2024-14-01/Mechanics/Content/StudentWork/Enemies/BP_Enemy_Stationary.uasset",
				"C:/Users/a018073n/Downloads/Mechanics 2024-01-11/Mechanics/Content/StudentWork/Enemies/BP_Enemy_Parent.uasset",
				"C:/Users/a018073n/Downloads/Mechanics 2024-01-11/Mechanics/Content/StudentWork/Enemies/BP_Enemy_Random.uasset",
				"C:/Users/a018073n/Downloads/Mechanics 2024-01-11/Mechanics/Content/StudentWork/Enemies/BP_Enemy_Chaser.uasset",
				"C:/Users/a018073n/Downloads/Mechanics 2024-01-11/Mechanics/Content/StartMap.umap",
				"C:/Users/a018073n/Downloads/Mechanics 2024-01-11/Mechanics/Content/StudentWork/Enemies/BP_Enemy_Stationary.uasset",
				"C:/Users/a018073n/Downloads/Mechanics 2024-01-11/Mechanics/Content/StudentWork/Enemies/BP_Sentinel.uasset",
				"C:/Users/a018073n/Downloads/Mechanics 2024-01-11/Mechanics/Content/StudentWork/Enemies/BP_Target.uasset",
				"C:/Users/a018073n/Downloads/Mechanics 2024-01-11/Mechanics/Content/StudentWork/Enemies/BP_Target1.uasset",
				"C:/Users/a018073n/Downloads/Mechanics 2024-01-11/Mechanics/Content/StudentWork/Projectiles/BP_Grenade_Projectile.uasset",
				"C:/Users/a018073n/Downloads/Mechanics 2024-01-11/Mechanics/Content/StudentWork/Projectiles/BP_Enemy_Projectile.uasset",
				"C:/Users/a018073n/Downloads/Mechanics 2024-01-11/Mechanics/Content/StudentWork/Enemies/BP_Turret.uasset",
				"C:/Users/a018073n/Downloads/Mechanics 2024-01-11/Mechanics/Content/StudentWork/Projectiles/BP_Turret_Projectile.uasset",
				"C:/Users/a018073n/Downloads/Mechanics 2024-01-11/Mechanics/Content/StudentWork/Enemies/BP_Guard.uasset",
				"C:/Users/a018073n/Downloads/Mechanics 2024-01-11/Mechanics/Content/StudentWork/Enemies/BP_Patrol_Guard.uasset",
				"C:/Users/a018073n/Downloads/Mechanics 2024-01-09/Mechanics/Content/StudentWork/BP_Crystal_1.uasset",
				"C:/Users/a018073n/Downloads/Mechanics 2024-01-09/Mechanics/Content/StudentWork/BP_Crystal_2.uasset",
				"C:/Users/a018073n/Downloads/Mechanics 2024-01-09/Mechanics/Content/StudentWork/BP_Crystal_3.uasset",
				"C:/Users/a018073n/Downloads/Mechanics 2024-01-09/Mechanics/Content/StartMap.umap",
				"C:/Users/a018073n/Downloads/Mechanics 2024-01-09/Mechanics/Content/StudentWork/Crystals/BP_Crystal_1.uasset",
				"C:/Users/a018073n/Downloads/Mechanics 2024-01-09/Mechanics/Content/StudentWork/Crystals/BP_Crystal_2.uasset",
				"C:/Users/a018073n/Downloads/Mechanics 2024-01-09/Mechanics/Content/StudentWork/Crystals/BP_Crystal_3.uasset",
				"C:/Users/a018073n/Downloads/Mechanics 2024-01-09/Mechanics/Content/StudentWork/Projectiles/BP_Auto_Projectile.uasset",
				"C:/Users/a018073n/Downloads/Mechanics 2024-01-09/Mechanics/Content/StudentWork/BP_Target.uasset",
				"C:/Users/a018073n/Downloads/Mechanics 2024-01-09/Mechanics/Content/StudentWork/Projectiles/BP_Enemy_Projectile.uasset",
				"C:/Users/a018073n/Downloads/Mechanics 2024-01-09/Mechanics/Content/StudentWork/BP_Canon_Static.uasset",
				"C:/Users/a018073n/Downloads/Mechanics 2024-01-09/Mechanics/Content/StudentWork/Projectiles/BP_Cannon_Projectile.uasset",
				"C:/Users/a018073n/Downloads/Mechanics 2024-01-09/Mechanics/Content/StudentWork/BP_Turret.uasset",
				"C:/Users/a018073n/Downloads/Mechanics 2024-01-09/Mechanics/Content/StudentWork/Projectiles/BP_Turret_Projectile.uasset",
				"C:/Users/a018073n/Downloads/Mechanics 2024-01-09/Mechanics/Content/Blueprints/Weapons/BP_Starter_Weapon.uasset",
				"C:/Users/a018073n/Downloads/Mechanics 2024-01-09/Mechanics/Content/StudentWork/Projectiles/BP_Projectile.uasset",
				"C:/Users/a018073n/Downloads/Mechanics 2024-01-09/Mechanics/Content/StudentWork/Enemies/BP_Target.uasset",
				"C:/Users/a018073n/Downloads/Mechanics 2024-01-09/Mechanics/Content/StudentWork/Enemies/BP_Canon_Static.uasset",
				"C:/Users/a018073n/Downloads/Mechanics 2024-01-09/Mechanics/Content/StudentWork/Enemies/BP_Canon_Rotate.uasset",
				"C:/Users/a018073n/Downloads/Mechanics 2024-01-09/Mechanics/Content/StudentWork/Enemies/BP_Turret.uasset",
				"C:/Users/a018073n/Downloads/Mechanics 2024-01-09/Mechanics/Content/StudentWork/PlayerAdd-Ons/AutomaticTurret.uasset",
				"C:/Users/a018073n/Downloads/Mechanics 2024-01-09/Mechanics/Content/StudentWork/PlayerAdd-Ons/BP_Automatic_Weapon.uasset",
				"C:/Users/a018073n/Downloads/Mechanics 2024-01-09/Mechanics/Content/StudentWork/Lava/BP_Lava.uasset",
				"C:/Users/a018073n/Downloads/Mechanics 2024-01-09/Mechanics/Content/StudentWork/BP_Lava.uasset",
				"C:/Users/a018073n/Downloads/Mechanics 2024-01-09/Mechanics/Content/StudentWork/Lava/BP_Lava_Floor.uasset",
				"C:/Users/a018073n/Downloads/Mechanics 2024-01-09/Mechanics/Content/StudentWork/BP_Lava_Floor.uasset",
				"C:/Users/a018073n/Downloads/Mechanics 2024-01-09/Mechanics/Content/StudentWork/Lava/BP_Lava_Flow_1.uasset",
				"C:/Users/a018073n/Downloads/Mechanics 2024-01-09/Mechanics/Content/StudentWork/BP_Lava_Flow_1.uasset",
				"C:/Users/a018073n/Downloads/Mechanics 2024-01-09/Mechanics/Content/StudentWork/Lava/BP_Lava_Flow_2.uasset",
				"C:/Users/a018073n/Downloads/Mechanics 2024-01-09/Mechanics/Content/StudentWork/BP_Lava_Flow_2.uasset",
				"C:/Users/a018073n/Downloads/Mechanics 2024-01-09/Mechanics/Content/StudentWork/Lava/BP_Lava_Flow_3.uasset",
				"C:/Users/a018073n/Downloads/Mechanics 2024-01-09/Mechanics/Content/StudentWork/BP_Lava_Flow_3.uasset",
				"C:/Users/a018073n/Downloads/Mechanics 2024-01-09/Mechanics/Content/Blueprints/BP_PlayerCharacter.uasset",
				"C:/Users/a018073n/Downloads/Mechanics 2024-01-09/Mechanics/Content/StudentWork/PlayerAdd-Ons/BP_Pickup_Automatic.uasset",
				"C:/Users/a018073n/Downloads/Mechanics 2024-01-09/Mechanics/Content/Blueprints/Weapons/BP_WeaponPickUp_Parent.uasset",
				"C:/Users/a018073n/Downloads/Mechanics 2024-01-09/Mechanics/Content/StudentWork/PlayerAdd-Ons/CannonTurret.uasset",
				"C:/Users/a018073n/Downloads/Mechanics 2024-01-09/Mechanics/Content/StudentWork/Projectiles/BP_Player_Cannon_Projectile.uasset",
				"C:/Users/a018073n/Downloads/Mechanics 2024-01-09/Mechanics/Content/StudentWork/PlayerAdd-Ons/BP_Pickup_Cannon.uasset",
				"C:/Users/a018073n/Downloads/Mechanics 2024-01-09/Mechanics/Content/StudentWork/PlayerAdd-Ons/BP_Cannon_Weapon.uasset",
				"C:/Users/a018073n/Downloads/Mechanics 2024-01-09/Mechanics/Content/StudentWork/PlayerAdd-Ons/BP_Pickup_Starter.uasset",
				"C:/Users/a018073n/Downloads/Mechanics 2024-01-09/Mechanics/Content/StudentWork/Crystals/BP_Crystal_Parent.uasset",
				"C:/Users/a018073n/Downloads/Mechanics 2024-01-09/Mechanics/Content/StudentWork/Crystals/BP_Crystal_4.uasset",
				"C:/Users/a018073n/Downloads/Mechanics 2024-01-09/Mechanics/Content/StudentWork/BP_Orange_Lights.uasset",
				"C:/Users/a018073n/Downloads/Mechanics 2024-01-09/Mechanics/Content/StudentWork/Lava/BP_Lava_Cube.uasset",
				"C:/Users/a018073n/Downloads/Mechanics 2024-01-09/Mechanics/Content/StudentWork/PlayerAdd-Ons/CannonAddOn.uasset",
				"C:/Users/a018073n/Downloads/Mechanics 2024-01-09/Mechanics/Content/StudentWork/PlayerAdd-Ons/AutomaticAddOn.uasset",
				"C:/Users/a018073n/Downloads/Mechanics 2024-01-09/Mechanics/Content/StudentWork/BP_Fan.uasset",
				"C:/Users/a018073n/Downloads/Mechanics 2024-01-09/Mechanics/Content/StudentWork/BP_Lift.uasset",
				"C:/Users/a018073n/Downloads/Mechanics 2024-01-09/Mechanics/Content/StudentWork/Projectiles/BP_Player_Grenade_Projectile.uasset",
				"C:/Users/a018073n/Downloads/Mechanics 2024-01-09/Mechanics/Content/StudentWork/PlayerAdd-Ons/BP_Pickup_Grenade.uasset",
				"C:/Users/a018073n/Downloads/Mechanics 2024-01-09/Mechanics/Content/StudentWork/PlayerAdd-Ons/BP_Grenade_Weapon.uasset",
				"C:/Users/a018073n/Downloads/Mechanics 2024-01-09/Mechanics/Content/StudentWork/Projectiles/BP_Grenade.uasset",
				"C:/Users/a018073n/Downloads/Mechanics 2024-01-09/Mechanics/Content/StudentWork/Projectiles/BP_Gren2.uasset",
				"C:/Users/a018073n/Downloads/Mechanics 2024-01-09/Mechanics/Content/StudentWork/PlayerAdd-Ons/GrenadeAddOn.uasset",
				"C:/Users/a018073n/Downloads/Mechanics 2024-01-09/Mechanics/Content/StudentWork/Projectiles/BP_Greade_Projectile.uasset",
				"C:/Users/a018073n/Downloads/Mechanics 2024-01-09/Mechanics/Content/StudentWork/Projectiles/BP_Grenade_Projectile.uasset",
				"C:/Users/a018073n/Downloads/Mechanics 2024-01-09/Mechanics/Content/StudentWork/Projectiles/BP_Player_Cannon_Projectile_Test.uasset",
				"C:/Users/a018073n/Downloads/Mechanics 2024-01-09/Mechanics/Content/StudentWork/Crystals/BP_Crystal_Parent_old.uasset",
				"C:/Users/a018073n/Downloads/Mechanics 2024-01-09/Mechanics/Content/StudentWork/Crystals/BP_Crystal_5.uasset",
				"C:/Users/a018073n/Downloads/Mechanics 2024-01-09/Mechanics/Content/StudentWork/Lava/BP_Lava_Flow_1_old.uasset",
				"C:/Users/a018073n/Downloads/Mechanics 2024-01-09/Mechanics/Content/StudentWork/Lava/BP_Lava_Flow_1_old_old.uasset",
				"C:/Users/a018073n/Downloads/Mechanics 2024-01-09/Mechanics/Content/StudentWork/BP_Automatic_Weapon.uasset",
				"C:/Users/a018073n/Downloads/Mechanics 2024-01-09/Mechanics/Content/StudentWork/BP_Auto_Projectile.uasset",
				"C:/Users/a018073n/Downloads/Mechanics 2024-01-09/Mechanics/Content/StudentWork/AutomaticTurret.uasset",
				"C:/Users/a018073n/Downloads/Mechanics 2024-01-09/Mechanics/Content/StudentWork/BP_Enemy_Projectile.uasset",
				"C:/Users/a018073n/Downloads/Mechanics 2024-01-09/Mechanics/Content/StudentWork/BP_Cannon_Projectile.uasset",
				"C:/Users/a018073n/Downloads/Mechanics 2024-01-09/Mechanics/Content/StudentWork/BP_Turret_Projectile.uasset",
				"C:/Users/a018073n/Downloads/Mechanics 2024-01-09/Mechanics/Content/StudentWork/BP_Projectile.uasset",
				"C:/Users/a018073n/Downloads/Mechanics 2024-01-09/Mechanics/Content/StudentWork/BP_Canon_Rotate.uasset",
				"C:/Users/a018073n/Documents/Mechanics 2024-01-08/Mechanics/Content/StartMap.umap",
				"C:/Users/a018073n/Documents/Mechanics 2024-01-08/Mechanics/Content/StudentWork/BP_Canon_Static.uasset",
				"C:/Users/a018073n/Documents/Mechanics 2024-01-08/Mechanics/Content/StudentWork/BP_Canon_Rotate.uasset",
				"C:/Users/a018073n/Documents/Mechanics 2024-01-08/Mechanics/Content/StudentWork/BP_Lift.uasset",
				"C:/Users/a018073n/Documents/Mechanics 2024-01-08/Mechanics/Content/StudentWork/BP_Cannon_Projectile.uasset",
				"C:/Users/a018073n/Documents/Mechanics 2024-01-08/Mechanics/Content/StudentWork/BP_Lava.uasset",
				"C:/Users/a018073n/Documents/Mechanics 2024-01-08/Mechanics/Content/StudentWork/BP_Lava_Floor.uasset",
				"C:/Users/a018073n/Documents/Mechanics 2024-01-08/Mechanics/Content/StudentWork/BP_Turret.uasset",
				"C:/Users/a018073n/Downloads/Mechanics/Mechanics/Content/StartMap.umap",
				"C:/Users/a018073n/Downloads/Mechanics/Mechanics/Content/StudentWork/BP_Projectile.uasset",
				"C:/Users/a018073n/Downloads/Mechanics/Mechanics/Content/Blueprints/Weapons/BP_Starter_Weapon.uasset",
				"C:/Users/a018073n/Downloads/Mechanics/Mechanics/Content/Blueprints/BP_PlayerCharacter.uasset",
				"C:/Users/a018073n/Downloads/Mechanics/Mechanics/Content/StudentWork/BP_Target.uasset",
				"C:/Users/a018073n/Downloads/Mechanics/Mechanics/Content/StudentWork/BP_Crystal_1.uasset",
				"C:/Users/a018073n/Downloads/Mechanics/Mechanics/Content/StudentWork/BP_Crystal_2.uasset",
				"C:/Users/a018073n/Downloads/Mechanics/Mechanics/Content/StudentWork/BP_Enemy_Projectile.uasset",
				"C:/Users/a018073n/Downloads/Mechanics/Mechanics/Content/StudentWork/BP_Crystal_3.uasset",
				"C:/Users/a018073n/Downloads/Mechanics/Mechanics/Content/StudentWork/BP_Gate.uasset",
				"C:/Users/a018073n/Downloads/Mechanics/Mechanics/Content/StudentWork/BP_Fan.uasset",
				"C:/Users/a018073n/Downloads/Mechanics/Mechanics/Content/StudentWork/BP_Moveable_Barrel.uasset",
				"C:/Users/a018073n/Downloads/Mechanics/Mechanics/Content/StudentWork/BP_Lava.uasset",
				"C:/Users/a018073n/Downloads/Mechanics/Mechanics/Content/StudentWork/BP_Turret.uasset",
				"C:/Users/a018073n/Downloads/Mechanics/Mechanics/Content/StudentWork/BP_Turrent_Projectile.uasset",
				"C:/Users/a018073n/Downloads/Mechanics/Mechanics/Content/StudentWork/BP_Turret_Projectile.uasset",
				"C:/Users/a018073n/Downloads/Mechanics/Mechanics/Content/StudentWork/BP_Lava_Floor.uasset",
				"C:/Users/a018073n/Downloads/Mechanics/Mechanics/Content/StudentWork/BP_Lava_Flow_1.uasset",
				"C:/Users/a018073n/Downloads/Mechanics/Mechanics/Content/StudentWork/BP_Lava_Flow_2.uasset",
				"C:/Users/a018073n/Downloads/Mechanics/Mechanics/Content/StudentWork/BP_Lava_Flow_3.uasset",
				"C:/Users/a018073n/Downloads/Mechanics/Mechanics/Content/StudentWork/BP_Speaker.uasset",
				"C:/Users/a018073n/Downloads/Mechanics/Mechanics/Content/StudentWork/BP_Canon_Rotate.uasset",
				"C:/Unreal Projects/Mechanics/Content/Blueprints/MechGameMode.uasset",
				"C:/Unreal Projects/Mechanics/Content/Blueprints/IA_Move.uasset",
				"C:/Unreal Projects/Mechanics/Content/Blueprints/NewInputMappingContext.uasset",
				"C:/Unreal Projects/Mechanics/Content/Untitled.umap",
				"C:/Unreal Projects/Mechanics/Content/Blueprints/BP_MechPlayerController.uasset",
				"C:/Unreal Projects/Mechanics/Content/Blueprints/BP_PlayerCharacter.uasset",
				"C:/Users/dwjam/Desktop/Mechanics Prototyping/Mechanics/Content/Untitled.umap",
				"C:/Users/dwjam/Desktop/Mechanics Prototyping/Mechanics/Content/StartMap.umap",
				"C:/Users/dwjam/Desktop/Mechanics Prototyping/Mechanics/Content/Blueprints/BP_PlayerCharacter.uasset",
				"C:/Users/dwjam/Desktop/Mechanics Prototyping/Mechanics/Content/Materials/MI_FadeTriggerGreen.uasset",
				"C:/Users/dwjam/Desktop/Mechanics Prototyping/Mechanics/Content/UI/WBP_EndScreen.uasset",
				"C:/Users/dwjam/Desktop/Mechanics Prototyping/Mechanics/Content/Blueprints/BP_Goal.uasset",
				"C:/Users/dwjam/Desktop/Mechanics Prototyping/Mechanics/Content/Blueprints/MechGameMode.uasset",
				"C:/Users/dwjam/Desktop/Mechanics Prototyping/Mechanics/Content/Blueprints/MiscBlueprints/BP_Checkpoint.uasset",
				"C:/Users/dwjam/Desktop/Mechanics Prototyping/Mechanics/Content/Blueprints/MiscBlueprints/BP_Goal.uasset",
				"C:/Users/dwjam/Desktop/Mechanics Prototyping/Mechanics/Content/Blueprints/MiscBlueprints/BP_MechPlayerController.uasset",
				"C:/Users/dwjam/Desktop/Mechanics Prototyping/Mechanics/Content/Blueprints/MiscBlueprints/IA_Move.uasset",
				"C:/Users/dwjam/Desktop/Mechanics Prototyping/Mechanics/Content/Blueprints/MiscBlueprints/IA_Fire.uasset",
				"C:/Users/dwjam/Desktop/Mechanics Prototyping/Mechanics/Content/Blueprints/MiscBlueprints/IA_FireSec.uasset",
				"C:/Users/dwjam/Desktop/Mechanics Prototyping/Mechanics/Content/Blueprints/MiscBlueprints/NewInputMappingContext.uasset",
				"C:/Users/dwjam/Desktop/Mechanics Prototyping/Mechanics/Content/Meshes/SciFi/streetlight.uasset",
				"C:/Users/dwjam/Desktop/Mechanics Prototyping/Mechanics/Content/Meshes/SciFi/Building_02.uasset",
				"C:/Users/dwjam/Desktop/Mechanics Prototyping/Mechanics/Content/Meshes/SciFi/Rock_01.uasset",
				"C:/Users/dwjam/Desktop/Mechanics Prototyping/Mechanics/Content/Meshes/SciFi/Rock_02.uasset",
				"C:/Users/dwjam/Desktop/Mechanics Prototyping/Mechanics/Content/Meshes/SciFi/Rock_03.uasset",
				"C:/Users/dwjam/Desktop/Mechanics Prototyping/Mechanics/Content/Meshes/SciFi/Rock_04.uasset",
				"C:/Users/dwjam/Desktop/Mechanics Prototyping/Mechanics/Content/Meshes/SciFi/Rock_Skull.uasset",
				"C:/Users/dwjam/Desktop/Mechanics Prototyping/Mechanics/Content/StartMap_BuiltData.uasset",
				"C:/Users/dwjam/Desktop/Mechanics Prototyping/Mechanics/Content/Materials/M_BaseFlatColor.uasset",
				"C:/Users/dwjam/Desktop/Mechanics Prototyping/Mechanics/Content/Materials/M_SciFi_Grey.uasset",
				"C:/Users/dwjam/Desktop/Mechanics Prototyping/Mechanics/Content/Materials/MI_Flat_Purple.uasset",
				"C:/Users/dwjam/Desktop/Mechanics Prototyping/Mechanics/Content/Meshes/SciFi/SM_StreetLight.uasset",
				"C:/Users/dwjam/Desktop/Mechanics Prototyping/Mechanics/Content/Meshes/SciFi/SM_LowWall.uasset",
				"C:/Users/dwjam/Desktop/Mechanics Prototyping/Mechanics/Content/Meshes/SciFi/SM_Building_01.uasset",
				"C:/Users/dwjam/Desktop/Mechanics Prototyping/Mechanics/Content/Meshes/SciFi/SM_Building_02.uasset",
				"C:/Users/dwjam/Desktop/Mechanics Prototyping/Mechanics/Content/Meshes/SciFi/SM_Road.uasset",
				"C:/Users/dwjam/Desktop/Mechanics Prototyping/Mechanics/Content/Blueprints/Weapons/BP_WeaponPickUp.uasset",
				"C:/Users/dwjam/Desktop/Mechanics Prototyping/Mechanics/Content/Blueprints/Weapons/BP_WeaponPickUp_Parent.uasset",
				"C:/Users/dwjam/Desktop/Mechanics Prototyping/Mechanics/Content/Blueprints/Weapons/BP_BaseWeapon_Parent.uasset",
				"C:/Users/dwjam/Desktop/Mechanics Prototyping/Mechanics/Content/EmptyMap.umap",
				"C:/Users/dwjam/Desktop/Mechanics Prototyping/New folder/Mechanics (1)/Mechanics/Content/Blueprints/Weapons/BP_WeaponPickUp_Parent.uasset",
				"C:/Users/dwjam/Desktop/Mechanics Prototyping/New folder/New folder (2)/Mechanics/Mechanics/Content/Materials/MI_EmmisiveBlue.uasset",
				"C:/Users/dwjam/Desktop/Mechanics Prototyping/New folder/New folder (2)/Mechanics/Mechanics/Content/Meshes/TankHull.uasset",
				"C:/Users/dwjam/Desktop/Mechanics Prototyping/New folder/New folder (2)/Mechanics/Mechanics/Content/Meshes/Tank.uasset",
				"C:/Users/dwjam/Desktop/Mechanics Prototyping/New folder/New folder (2)/Mechanics/Mechanics/Content/Materials/MI_EmissiveRed.uasset",
				"C:/Users/dwjam/Desktop/Mechanics Prototyping/New folder/New folder (2)/Mechanics/Mechanics/Content/Meshes/SciFi/SM_Mine.uasset",
				"C:/Users/dwjam/Desktop/Mechanics Prototyping/New folder/New folder (2)/Mechanics/Mechanics/Content/Materials/MI_Emissive_Red_2.uasset",
				"C:/Users/dwjam/Desktop/Mechanics Prototyping/New folder/New folder (2)/Mechanics/Mechanics/Content/StartMap.umap",
				"C:/Users/dwjam/Desktop/Mechanics Prototyping/New folder/New folder (2)/Mechanics/Mechanics/Content/Blueprints/BP_PlayerCharacter.uasset",
				"C:/Users/dwjam/Desktop/Mechanics Prototyping/New folder/New folder (2)/Mechanics/Mechanics/Content/Blueprints/MiscBlueprints/BP_MechPlayerController.uasset",
				"C:/Users/dwjam/Desktop/Mechanics Prototyping/New folder/New folder (2)/Mechanics/Mechanics/Content/Emitters/NS_LaserSight.uasset",
				"C:/Users/dwjam/Desktop/New folder/Mechanics (2)/Mechanics/Content/StartMap.umap",
				"C:/Users/dwjam/Desktop/Mechanics Prototyping/Mechanics/Content/Blueprints/BP_Projectile.uasset",
				"C:/Users/dwjam/Desktop/Mechanics Prototyping/New folder/New folder (2)/Mechanics/Mechanics/Content/Materials/MI_EmmisiveRed.uasset",
				"C:/Users/dwjam/Desktop/Mechanics Prototyping/New folder/New folder (2)/Mechanics/Mechanics/Content/Materials/MI_Red_Emissive.uasset",
				"C:/Users/dwjam/Desktop/Mechanics Prototyping/New folder/New folder (2)/Mechanics/Mechanics/Content/Blueprints/BP_Projectile.uasset",
				"C:/Users/dwjam/Desktop/Mechanics Prototyping/New folder/Mechanics/Content/Blueprints/Weapons/BP_BaseWeapon_Parent.uasset",
				"C:/Users/dwjam/Desktop/Mechanics Prototyping/New folder/Mechanics/Content/StartMap.umap",
				"C:/Users/dwjam/Desktop/Mechanics Prototyping/New folder/Mechanics/Content/Blueprints/BP_PlayerCharacter.uasset",
				"C:/Users/dwjam/Desktop/Mechanics Prototyping/New folder/Mechanics/Content/Blueprints/Weapons/BP_Starter_Weapon.uasset",
				"C:/Users/dwjam/Desktop/Mechanics Prototyping/Mechanics/Content/StartMap1.umap",
				"C:/Users/dwjam/Desktop/Mechanics Prototyping/Mechanics/Content/Blueprints/Weapons/BaseWeapon.uasset",
				"C:/Users/dwjam/Desktop/Mechanics Prototyping/Mechanics/Content/Blueprints/Weapons/BaseWeapon_Child.uasset",
				"C:/Users/dwjam/Desktop/Mechanics Prototyping/Mechanics/Content/Blueprints/Weapons/BP_BaseWeapon.uasset",
				"C:/Users/dwjam/Desktop/Mechanics Prototyping/Mechanics/Content/NewWorld.umap",
				"C:/Users/dwjam/Desktop/Mechanics Prototyping/Mechanics/Content/CoreFiles/Materials/Master/MainEmissive.uasset",
				"C:/Users/dwjam/Desktop/Mechanics Prototyping/Mechanics/Content/CoreFiles/Materials/Master/MainMaterial.uasset",
				"C:/Users/dwjam/Desktop/Mechanics Prototyping/Mechanics/Content/Materials/Mech/MechGrey.uasset",
				"C:/Users/dwjam/Desktop/Mechanics Prototyping/Mechanics/Content/Materials/Mech/MechBrown.uasset",
				"C:/Users/dwjam/Desktop/Mechanics Prototyping/Mechanics/Content/Materials/Mech/Black.uasset",
				"C:/Users/dwjam/Desktop/Mechanics Prototyping/Mechanics/Content/Materials/Mech/MechBlue.uasset",
				"C:/Users/dwjam/Desktop/Mechanics Prototyping/Mechanics/Content/Materials/Road/Road_2.uasset",
				"C:/Users/dwjam/Desktop/Mechanics Prototyping/Mechanics/Content/Materials/Road/Road.uasset",
				"C:/Users/dwjam/Desktop/Mechanics Prototyping/Mechanics/Content/Materials/Rock/Rock.uasset",
				"C:/Users/dwjam/Desktop/Mechanics Prototyping/Mechanics/Content/Meshes/Building_01.uasset",
				"C:/Users/dwjam/Desktop/Mechanics Prototyping/Mechanics/Content/Meshes/Building_02.uasset",
				"C:/Users/dwjam/Desktop/Mechanics Prototyping/Mechanics/Content/Meshes/girder.uasset",
				"C:/Users/dwjam/Desktop/Mechanics Prototyping/Mechanics/Content/Meshes/PanelHori.uasset",
				"C:/Users/dwjam/Desktop/Mechanics Prototyping/Mechanics/Content/Meshes/PanelVert.uasset",
				"C:/Users/dwjam/Desktop/Mechanics Prototyping/Mechanics/Content/Meshes/roads.uasset",
				"C:/Users/dwjam/Desktop/Mechanics Prototyping/Mechanics/Content/Meshes/Rock_02.uasset",
				"C:/Users/dwjam/Desktop/Mechanics Prototyping/Mechanics/Content/Meshes/Rock_03.uasset",
				"C:/Users/dwjam/Desktop/Mechanics Prototyping/Mechanics/Content/Meshes/Rock_04.uasset",
				"C:/Users/dwjam/Desktop/Mechanics Prototyping/Mechanics/Content/Meshes/Rock_Skull.uasset",
				"C:/Users/dwjam/Desktop/Mechanics Prototyping/Mechanics/Content/Meshes/streetlight.uasset",
				"C:/Users/dwjam/Desktop/Mechanics Prototyping/Mechanics/Content/Meshes/Tree_03.uasset",
				"C:/Users/dwjam/Desktop/Mechanics Prototyping/Mechanics/Content/Meshes/Tree_02.uasset",
				"C:/Users/dwjam/Desktop/Mechanics Prototyping/Mechanics/Content/Meshes/Tree_01.uasset",
				"C:/Users/dwjam/Desktop/Mechanics Prototyping/Mechanics/Content/Meshes/wall.uasset",
				"C:/Users/dwjam/Desktop/Mechanics Prototyping/Mechanics/Content/Materials/Tree/Wood_02.uasset",
				"C:/Users/dwjam/Desktop/Mechanics Prototyping/Mechanics/Content/Materials/Tree/Leaves_04.uasset",
				"C:/Users/dwjam/Desktop/Mechanics Prototyping/Mechanics/Content/Materials/Tree/Leaves_02.uasset",
				"C:/Users/dwjam/Desktop/Mechanics Prototyping/Mechanics/Content/Materials/Tree/Leaves_01.uasset",
				"C:/Users/dwjam/Desktop/Mechanics Prototyping/Mechanics/Content/Materials/Tree/Wood_01.uasset",
				"C:/Users/dwjam/Desktop/Mechanics Prototyping/Mechanics/Content/Materials/Tree/Leaves_06.uasset",
				"C:/Users/dwjam/Desktop/Mechanics Prototyping/Mechanics/Content/Materials/Tree/Leaves_05.uasset",
				"C:/Users/dwjam/Desktop/Mechanics Prototyping/Mechanics/Content/Materials/Emissive/BlueGlow.uasset",
				"C:/Users/dwjam/Desktop/Mechanics Prototyping/Mechanics/Content/Meshes/SciFi/Building_01.uasset",
				"C:/Users/dwjam/Desktop/Mechanics Prototyping/Mechanics/Content/Meshes/SciFi/girder.uasset",
				"C:/Users/dwjam/Desktop/Mechanics Prototyping/Mechanics/Content/Meshes/SciFi/roads.uasset",
				"C:/Users/dwjam/Desktop/Mechanics Prototyping/Mechanics/Content/Meshes/Rock_01.uasset",
				"C:/Users/dwjam/Desktop/Mechanics Prototyping/Mechanics/Content/Meshes/SciFi/wall.uasset",
				"C:/Users/dwjam/Desktop/Mechanics Prototyping/Mechanics/Content/Blueprints/BP_MechPlayerController.uasset",
				"C:/Users/dwjam/Desktop/Mechanics Prototyping/Mechanics/Content/Blueprints/BP_Checkpoint.uasset",
				"C:/Users/dwjam/Desktop/Mechanics Prototyping/Mechanics/Content/Blueprints/NewInputMappingContext.uasset",
				"C:/Users/dwjam/Desktop/Mechanics Prototyping/Mechanics/Content/Blueprints/IA_FireSec.uasset",
				"C:/Users/dwjam/Desktop/Mechanics Prototyping/Mechanics/Content/Blueprints/IA_Fire.uasset",
				"C:/Users/dwjam/Desktop/Mechanics Prototyping/Mechanics/Content/Blueprints/IA_Move.uasset",
				"C:/Users/dwjam/Downloads/Mechanics/Content/Meshes/TankTurret01.uasset",
				"C:/Users/dwjam/Downloads/Mechanics/Content/Meshes/TankHull.uasset",
				"C:/Users/dwjam/Downloads/Mechanics/Content/Materials/M_BaseFlatColor.uasset",
				"C:/Users/dwjam/Downloads/Mechanics/Content/Materials/M_BaseEmissiveColor.uasset",
				"C:/Users/dwjam/Downloads/Mechanics/Content/Materials/MI_EmmisiveRed.uasset",
				"C:/Users/dwjam/Downloads/Mechanics/Content/Materials/MI_Flat_DarkGreen.uasset",
				"C:/Users/dwjam/Downloads/Mechanics/Content/Materials/MI_Flat_Green.uasset",
				"C:/Users/dwjam/Downloads/Mechanics/Content/Materials/MI_FlatBlack.uasset",
				"C:/Users/dwjam/Downloads/Mechanics/Content/Materials/MI_FlatWhite.uasset",
				"C:/Users/dwjam/Downloads/Mechanics/Content/Materials/MI_EmmisiveBlue.uasset",
				"C:/Users/dwjam/Downloads/Mechanics/Content/Materials/MI_Flat_Purple.uasset",
				"C:/Users/dwjam/Downloads/Mechanics/Content/Untitled.umap",
				"C:/Users/dwjam/Downloads/Mechanics/Content/Meshes/Tank.uasset",
				"C:/Users/dwjam/Downloads/Mechanics/Content/Blueprints/BP_PlayerCharacter.uasset",
				"C:/Users/dwjam/Downloads/Mechanics/Content/Blueprints/IA_Fire.uasset",
				"C:/Users/dwjam/Downloads/Mechanics/Content/Blueprints/IA_FireSec.uasset",
				"C:/Users/dwjam/Downloads/Mechanics/Content/UI/NewBlueprint.uasset",
				"C:/Users/dwjam/Downloads/Mechanics/Content/Blueprints/BP_MechPlayerController.uasset",
				"C:/Users/dwjam/Downloads/Mechanics/Content/UI/WBP_PlayerUI.uasset",
				"C:/Users/dwjam/Downloads/Mechanics/Content/Blueprints/Weapons/BaseWeapon.uasset",
				"C:/Users/dwjam/Downloads/Mechanics/Content/Blueprints/NewInputMappingContext.uasset",
				"C:/Users/dwjam/Downloads/Mechanics/Content/Materials/FlatWhite.uasset",
				"C:/Users/dwjam/Downloads/Mechanics/Content/Materials/Flat_DarkGreen.uasset",
				"C:/Users/dwjam/Downloads/Mechanics/Content/Materials/FlatBlack.uasset",
				"C:/Users/dwjam/Downloads/Mechanics/Content/Materials/Flat_Green.uasset",
				"C:/Users/dwjam/Downloads/Mechanics/Content/Materials/BaseFlatColor.uasset",
				"C:/Users/dwjam/Downloads/Mechanics/Content/Materials/EmmisiveRed.uasset",
				"C:/Users/dwjam/Downloads/Mechanics/Content/Materials/BaseEmissiveColor.uasset",
				"C:/Users/mdb4/Desktop/Mechanics/Content/Blueprints/IA_Fire.uasset",
				"C:/Users/mdb4/Desktop/Mechanics/Content/Untitled.umap",
				"C:/Users/mdb4/Desktop/Mechanics/Content/Blueprints/BP_PlayerCharacter.uasset",
				"C:/Users/mdb4/Desktop/Mechanics/Content/Blueprints/IA_FireSec.uasset",
				"C:/Users/mdb4/Desktop/Mechanics/Content/Meshes/TankHull.uasset",
				"C:/Users/mdb4/Desktop/Mechanics/Content/Blueprints/NewInputMappingContext.uasset",
				"C:/Users/mdb4/Desktop/Mechanics/Content/Blueprints/Weapons/BaseWeapon.uasset",
				"C:/Users/mdb4/Desktop/Mechanics/Content/Blueprints/Weapons/Projectiles/Shell.uasset",
				"C:/Users/mdb4/Desktop/Mechanics/Content/Materials/BaseFlatColour.uasset",
				"C:/Users/mdb4/Desktop/Mechanics/Content/Materials/BaseFlatColor.uasset",
				"C:/Users/mdb4/Desktop/Mechanics/Content/Materials/BaseEmissiveColor.uasset",
				"C:/Users/mdb4/Desktop/Mechanics/Content/Materials/EmmisiveRed.uasset",
				"C:/Users/mdb4/Desktop/Mechanics/Content/Materials/Flat_Green.uasset",
				"C:/Users/mdb4/Desktop/Mechanics/Content/Materials/Flat_DarkGreen.uasset",
				"C:/Users/mdb4/Desktop/Mechanics/Content/Materials/FlatBlack.uasset",
				"C:/Users/mdb4/Desktop/Mechanics/Content/Materials/FlatWhite.uasset",
				"C:/Users/mdb4/Desktop/Mechanics/Content/Meshes/TankTurret01.uasset",
				"C:/Unreal Projects/Mechanics/Content/Blueprints/MechPlayerController.uasset",
				"C:/Unreal Projects/Mechanics/Content/Blueprints/PlayerCharacter.uasset",
				"C:/Unreal Projects/Mechanics/Content/Blueprints/PlayerController.uasset",
				"C:/Unreal Projects/Mechanics/Content/Blueprints/NewInputAction.uasset",
				"C:/Unreal Projects/Mechanics/Content/Blueprints/NewPlayerMappableInputConfig.uasset"
			]
		}
	]
}